Group,Group,Order,Participant Name,Code,Preferred Gender ID,Age,Nationality,College Course,Year,University,Plants,Marine Life,Birds,Animals,Me,My Lifestyle,My Health,My Future,People in my Country,All People,Children,Future Generations,NEP1,NEP2,NEP3,NEP4,NEP5,NEP6,NEP7,NEP8,NEP9,NEP10,NEP11,NEP12,NEP13,NEP14,NEP15,PrefPos1,PrefPos2,PrefPos3,PrefPos4,PrefPos5,PrefPos6,PrefPos7,PrefPos8,PrefPos9,PrefPos10,PrefPos11,PrefPos12,PrefPos13,PrefPos14,PrefPos15,PrefPos16,Preference Top,Preference Bottom,Preference Similar,Preference Observable Difference,Preference Rank Difficulty,Preference Comments,DiversPos1,DiversPos2,DiversPos3,DiversPos4,DiversPos5,DiversPos6,DiversPos7,DiversPos8,DiversPos9,DiversPos10,DiversPos11,DiversPos12,DiversPos13,DiversPos14,DiversPos15,DiversPos16,Diversity Top,Diversity Bottom,Diversity Similar,Diversity Observable Difference,Diversity Rank Difficulty,Diversity Comments
Pre,G1,A,Participant 1,1,Male,30,Irish,Zoology PhD,4,UCC,3,5,6,7,N/A,N/A,N/A,1,N/A,4,N/A,2,4,3,3,6,1,2,1,6,1,6,4,6,4,4,1,5,2,3,4,11,13,7,15,14,6,10,8,9,1,12,16,This image was the most rich & complex.,Plain image with little colour.,My most preferred & least preferred are quite different but some of the mid-ranked photos are quite similar to each other.,It was quite easy to distinguish between the best & worst based on the number of different flowers & plants.,It was harder to the rank the lower preference images as I felt they were more similar.,N/A,5,2,3,4,11,13,7,1,14,6,10,8,9,15,12,16,Most Diverse,Least diverse.,Quite dissimilar.,Less difference between less diverse photos.,Lower categories.,N/A
Pre,G1,A,Participant 2,2,Female,26,French,Zoology PhD,2,UCC,4,6,5,7,1,N/A,N/A,N/A,N/A,2,N/A,3,1,6,1,5,1,1,1,5,1,6,2,6,4,6,1,5,2,3,1,4,16,6,7,11,14,10,13,15,8,9,12,It had the most flowers & plant species (that I could see as a non-expert). There was length & seemed more biodiversity friendly.,It looked the most barron. Vegetation was cut short & there were bald patches.,Very dissimilar.,The differences between the two squares were noticable. One seemed more lush & species rich. These could have been taken on the same field just further apart.,The middle ones. It is hard to distinguish as a non-expert which patches are 'less worse'.,Some seemed like they were from healthier fields.,3,5,2,4,10,1,9,13,7,15,11,6,8,16,14,12,It seemed lush and species rich with lots of flowers,Although vegetation was long it looked like there were only a couple of species in that patch.,In terms of species diversity & composition - very different.,Theses two patches could have been 2m apart. A small square is not enough to draw conclusion on the state of system.,The three middle ones. As a non specialist I am not proficient in plant species id & could have overlooked important features.,Some patches seem more diverse. I am basing this statement on flowering plants.
Pre,G1,A,Participant 3,3,Male,27,UK/Irish,Zoology PhD,4,UCC,4,3,2,1,N/A,N/A,N/A,N/A,N/A,7,6,5,2,3,1,4,1,3,2,5,1,5,2,6,3,4,1,3,5,2,4,7,1,13,11,6,10,9,15,14,12,8,16,Botanical diversity was high. Based on flowers & vegetation visible. I can pick out a number of species indicating higher nature value grassland.,"Very little botanical diversity. Dominated by rank, long dominant grass spp. Little flora visable.",Very dissimilar to me.,Yes. My plant id skills are good & I have worked in grasslands a lot. These quadrats demonstrate high vs low diversity.,"1 & 2 - hard to decide which should be highest preference. 
 
 4 & 5 - same quadrats have good & bad qualities eg patchy bare ground some diversity.","In ranking these, I took short sward vs long sward into account, drawing conclusions on griily regime.",3,5,2,4,7,1,13,9,6,10,11,8,12,14,15,16,I ranked both based on diversity. Botanical diversity was high. Based on flowers & vegetation visible. I can pick out a number of species indicating higher nature value grassland.,"Very little botanical diversity. Dominated by rank, long dominant grass spp. Little flora visable.",Very dissimilar.,Yes. See answer for last section.,"4,5, 6. Difficult to make a proper judgement of diversity from photos for these.",N/A
Pre,G1,A,Participant 4,4,Male,26,Irish,Zoology PhD,2,UCC,2,5,7,6,N/A,N/A,1,N/A,N/A,3,N/A,4,2,3,2,2,1,4,1,3,2,5,3,5,1,4,1,2,5,4,3,13,7,10,1,15,11,8,9,6,16,14,12,Variety of species. Species appear well distributed across the quadrat. Long & dense vegetation. Mixture of flowering species & grasses.,Low species diversity. Patches of grass look dry & dead. Only a few flowers for pollinators.,"Not very similar at all. 
 Differences:
 - lemgth of vegetation
 - species diversity
 - colour",Yes. Difference in the diversity of plants. Especially flowering plants made it clear to observe a difference between most photos.,I found my top 3 hard to separate. And bottom 8 were hard to order. Appearance was very similar in terms of diversity in top 3. Bottom 8 all weren't very inspiring to me.,I found my preference was largely dictated by diversity without knowing the next section was about diversity.,5,2,3,4,13,7,10,1,8,9,11,6,15,16,14,12,Lots of different species. Mixture of flowering species and grasses.,Very few species & looked dry / dead in places.,Some photos were very similar in appearance in terms of diversity. But some had a clear differancein diversity.,Yes. There was enough of a difference in diversity for most photos. Number of flowering plants helped.,Top 4 were all similar.,N/A
Pre,G1,A,Participant 5,5,Male,40,Spain,Zoology PhD,4,UCC,4,7,5,6,N/A,N/A,N/A,N/A,N/A,1,2,3,1,5,5,4,2,5,1,5,3,5,4,6,4,4,2,2,5,4,3,13,7,6,10,11,15,1,8,16,9,14,12,"I choose my top ranking image because it shows a full quudrat, with a variety of species, well grown. It also seems healthy.","This quadrat seems emptier with less variety of species. Also, grass seems to be less healthy, although this could be a consequence of the season of the year.",The top picture shows higher plants whereas the low picture contains grass & looks sad.,"I think I had enough informatiom on the photos to observe enough of a difference between them.
 
 Both photos clearly show the different plants & it is possible to understand the different communities.",The central ones ranks 3 to 5.,N/A,5,2,8,3,4,7,6,9,10,13,1,11,14,15,16,12,I could see different species of plants and they seemed to be present more or less in the same proportions.,"It looks to me like a very uniform community, I can't see to many different species.",I think the top picture shows a higher variety of species.,Yes. The photos provide enough scope to identify different species of plants.,The central ones 3 - 5.,N/A
Pre,G1,A,Participant 6,6,Male,33,Irish,Zoology PhD,4,UCC,5,6,N/A,2,4,N/A,N/A,1,N/A,3,N/A,7,2,3,3,3,1,3,1,5,2,6,3,6,3,4,2,2,5,3,10,7,13,1,4,16,15,6,9,8,11,14,12,"I choose the image as it appears to have high species richness, low levels of grazing & is thick enough to provide good cover for nesting birds, mammals etc.","The plot may be over-grazed due to it's low diversity & low height.
 
 It may actually be healthy & simply be in a harsh environment. Decision was quite arbitrary really.",Not very dissimilar. Both seem to be managed for wildlife but to varying extents.,"No.
 
 Don't know enough about the broader environmental conditions, management regime or season.","First & last.
 
 All plots seem ok so it was difficult to draw a dramatic distinction.",N/A,3,2,5,1,13,4,9,8,7,10,6,11,14,12,15,16,Appeared to have greatest diversity of plants.,"4 & 5. Unsure if all green plants were the same. Can't tell if there,s a diverse plant life.",Quite dissimilar.,"Yes. There were easily identifiable features for identification, (leave shapes, flower colour / make-up etc).","3 & 4, 4 & 5.",N/A
Pre,G1,A,Participant 7,7,Male,29,Irish,Zoology PhD,4,UCC,4,7,6,5,N/A,7,3,N/A,N/A,1,N/A,N/A,2,4,2,3,2,3,1,2,1,5,3,6,4,5,2,2,3,5,4,11,13,1,6,7,10,8,9,16,14,15,12,"Lush, variety of flowering plants.","Looked like disturbed soil or rough lawn, few flowers.","There's a gradient where the extremes are pretty different, bery little between.","Almost, again, contrast was low between middle ranked photos.","3 & 4, same as above. Plenty flowers but hard to tell how diverse.","My preferences are probably biased by perceived diversity, which might not even be accurate.",2,3,5,4,7,13,9,10,11,15,1,8,16,6,14,12,"Appeared diverse, lushness might kind of confound this, but could still see the most diversity in it.","Same as before, few species apparent, looked like recently disturbed soil & lawn.","Extremes are kind of clear I think, swapped a few middle-ranking photos this time.","Probably not, at least for ranks > 2.","Lowest, hard to see how many species present.","More difficult than previous ranks, even though I was biased towards diverse grasses in that too."
Pre,G1,A,Participant 8,8,Female,26,Irish,Zoology PhD,1,UCC,4,N/A,N/A,6,N/A,1,3,N/A,N/A,7,2,5,2,4,3,3,1,1,1,5,2,5,3,5,4,4,6,5,3,2,11,4,13,10,8,6,14,7,1,15,16,9,12,"There are a range of plant species visible, the area has been left to grow with long grass, clover, pollinator friendly species etc.","The grass is much shorter & is in poorer condition, with more dead patches & less diversity of species.","The photos at a distance appear similar, some having quite obvious distinctions.","Some photos were quite similar, it does require a lot of focus to recognise the different species present. Having a good knowledge of native Irish plants would help.","3,4 & 5, difficult to divide up images that appear 'similar' but still aren't species poor for example. 
 
 Also the lowest rank was difficult because who's to say it's 'bad', it depends on context.",Very green!,5,3,2,8,4,7,10,6,9,13,15,12,1,16,14,11,"Most diversity regarding colour, length height etc. ",Looked the least diverse to me.,(Same as before),(Same as before),"(Same as before) 

I like diversity in greenery so that's why my 'preferences' are similar to diversity ranking.",N/A
Pre,G2,A,Participant 9,9,Female,22,Irish,"Civil, structural and environmental Engineering",4,UCC,3,6,4,7,N/A,N/A,5,N/A,N/A,2,N/A,1,2,3,2,3,1,1,1,5,1,5,4,5,2,4,1,2,11,5,10,6,3,1,16,13,14,12,15,4,8,9,7,"Most visually appealing to me. I like the bright green. I liked how it looked a bit wild, there are a lot of different grasses & flower which is interesting to look at.",Grass looks kind of dull. There are not many flowers. There are patches of brown / dead grass.,"I think a lot of them look very similar. To me, the only noticeable differences are the flowers & length of grass.",For some but not for all. I think some are more similar than others.,The middle I found it difficult to give a reason why I liked one more than another.,N/A,5,2,4,3,11,10,1,13,6,7,15,12,16,14,8,9,Looks wild. Wild usually means its dicers lots of different grasses and flowers.,Grass doen't look as healthy. There are not many flowers. Doesn't seem to be many different species. The grass is also quite short.,"I think they are similar, some have more going on than others. Can tell that the unkept, wilder looking ones with range of flowers should rank higher in diversity scale.","Kind of? I don't know much about diversity:/

My decisions were based on which looked more wild.",Top rank. I didn't know which were better than others.,N/A
Pre,G2,A,Participant 10,10,Female,23,Irish,"Planning, Regeneration and Development",4,University of Ulster,3,4,2,5,1,N/A,N/A,N/A,N/A,7,N/A,6,1,4,1,2,1,2,1,5,1,6,2,6,1,5,1,5,2,4,11,13,3,10,7,1,6,16,15,14,9,8,12,"The plants looked healthy & pretty colours. 
 Different varieties.","Looks dead & trampled on.
 Sad Grass.","There is a distinctive difference between the top ranked & bottom ranked, in regard to variety & health of the biodiversity included. However, inbetween ranked are quite similar.","Yes, I could notice differences in the photos, however I don't have a background to make an informed decision, it was just based on personal preference& intuition.",The top 3 rankings.,The brighter coloured grass with more colours & variety were a lot more appealing.,2,3,5,13,7,4,8,6,11,9,1,14,10,12,15,16,"Sad grass
Not colourful
Not varied",Big difference in top & bottom ranked.Similar between other rankings.,"Yes, on closer inspection the photos were very varied.",The top 2 ranks & bottom 2.,Background of images may have unintentionally influenced my decision making.,Background of images may have unintentionally influenced my decision making.
Pre,G2,A,Participant 11,11,Male,23,Irish,Pharmacy,5,UCC,N/A,2,1,3,N/A,N/A,N/A,N/A,5,7,6,4,2,3,1,3,1,2,1,4,2,5,4,3,3,2,2,11,14,6,13,4,5,1,12,2,3,8,9,10,16,7,15,Very colourful - yellow flowers.,Very little colour - long grass.,Very dissimilar - many flowers vs lack of flowers.,"Yes - grass length, flower presence, dark vs light green grass.",Rank 3 - very similar to Rank 4.,N/A,5,2,3,4,8,13,7,15,6,11,14,1,10,16,12,9,Different coloured flowers.,Mainly just grass.,Very dissimilar - Many colours vs lack of colour.,Yes - colour varies.,4 - could also be 5 (only grass or yellow flowers).,N/A
Pre,G3,A,Participant 12,12,Female,23,Irish,General Nursing,4,UCC,1,5,N/A,4,6,3,N/A,N/A,N/A,7,N/A,2,2,3,2,6,3,3,5,6,3,6,1,5,1,6,1,2,5,4,13,3,11,1,6,14,7,16,15,10,12,8,9,A lot of different types of grass & flowers.,Dull looking grass & no flowers.,Quite dissimilar.,Yes as my least favourite photo was uglier than the rest. ,Rank 5 as a lot of photos looked similar.,N/A,5,2,4,7,13,3,11,14,6,1,15,10,16,9,8,12,There was a lot of colour & a lot of tall grass. It looked healthy.,The grass looked ugly.,Very dissimilar.,Yes there was flowers in some & no flowers in others.,"Rank 3, 4 & 5 felt very similar & were hard to rank.",N/A
Pre,G3,A,Participant 13,13,Female,23,Irish,"Civil, structural and environmental Engineering",4,UCC,1,N/A,N/A,2,N/A,N/A,4,7,N/A,5,3,6,4,3,1,5,1,2,3,6,2,6,3,5,2,5,1,5,11,4,13,3,2,1,15,10,16,7,14,6,8,9,12,A lot of long grass and yellow & purple flowers.,"Verry little flowers, grass was sparse & patchy.",Very dissimilar - grass quality varies greatly between top & bottom ranking image.,Yes - can see big difference in the grass & much more flowers present in top ranking image.,"Rank 3 and 4, I thought they had similar amounts of grass.",N/A,5,4,11,2,13,1,3,7,14,6,8,10,12,9,16,15,"Thought it had the most flower types - purple, yellow & brown flowers.",No colourful flowers present.,Relatively similar - grass quality is similar but difference in the flowers present.,"Yes, can see difference in number of flowers present.",Rank 6 & 7 - very little floweres present in these images.,N/A
Pre,G4,A,Participant 14,14,Male,22,Irish,Applied Psychology,2,UCC,N/A,2,1,N/A,7,6,5,4,N/A,N/A,3,N/A,3,3,1,3,5,3,1,6,1,3,5,4,4,5,3,2,4,5,15,16,10,1,11,14,7,3,6,13,9,8,12,There is lots of grass and vegetation.,There is less grass and if I was a bug I wouldn't live there.,The photos are very dissimilar. My top ranking image is greener while the bottom ranking image is less so.,Yes. There was more flowers and grass in the top ranked photo while the bottom ranking photo is plain.,4 - 7 my concentration dwindled as the photos are all similar.,N/A,2,5,4,3,13,7,15,11,1,10,14,6,8,9,16,12,This looks the most diverse with lots of different flowers and grass.,This had the least amount of flowers and the grass lokked kind of dead.,They are complete contrasts in my view.,Yes see previous answers.,4 & 5 because they had little diversity but they were similar.,N/A
Pre,G2,A,Participant 15,15,Male,22,Irish,Bachelor of Buissines in Information Systems,3,MTU,3,2,N/A,4,N/A,N/A,N/A,1,N/A,5,6,7,5,4,2,3,2,1,3,4,3,4,4,3,3,4,2,5,3,4,11,13,2,16,15,10,1,7,12,6,8,9,14,"There is a lot of life, colour and I just liked the angle / shot the photo was taken.",Complete opposite. The photo lacks colour. There is even a shadow bottom left of the image. It also looks like the photographer was lying down in the quadrant before the photo was taken.,Dissimilar in all aspects.,I think so. I'm content in the way I arranged them. It looks like the tidiest with accurate ranking. The quality increases by each photo in my opinion.,Rank 5 . Very similar tough to separate.,N/A,4,7,2,13,5,3,6,11,1,10,14,16,15,9,12,8,I thought that it showed the most diversity in the square.,"The land looked hampered with dying flowers, short grass and the complete opposite to my image in number one which showed life.",Complwte opposites.,"No, I'm still not confident in my answers to give an informed decision.",The top half betwen rank 3 and 2. They are very similar.,N/A
Pre,G2,A,Participant 16,16,Male,24,Irish,Masters in Planning and Sustainability,5,UCC,1,N/A,N/A,3,2,N/A,5,6,N/A,4,N/A,7,4,4,3,3,3,2,2,2,2,4,3,4,1,4,1,6,16,10,9,4,8,7,13,15,1,2,12,11,14,5,3,The shade of green. The consistency of flowers.,The grass looks overgrown. Lack of colour across quadrant.,"Fairly dissimilar, shade of grass varies, elements of burnt grass on my top ranked photo.",Yes. My top and bottom had varying differences making it easier to distinguish.,"Rank 3 - 5. Roughly similar rankings, hard to pick photos per rank.",Outside the quadrant may have influenced my ranking.,13,16,1,6,3,15,9,8,10,4,12,5,2,11,7,14,The meadow and the grass being overgrown would contribute to healthy biodiversity gain.,The grass has burnt elements. Lack of flowers. Grass is too short.,"Very dissimilar, varying differences.","Yes, the top and bottom ranked had varying differences which made it easy to make a decision.",Rank 4 - photos very similar here.,The length of grass influenced decision.
Pre,Solo1,A,Participant 17,17,Female,27,Irish,Masters in HR and Management,1,UCC,1,4,3,5,N/A,N/A,N/A,N/A,N/A,6,2,7,3,4,2,4,1,3,1,5,2,5,3,6,3,5,1,5,14,13,11,15,6,4,2,3,1,16,10,9,12,7,8,Full brightly coloured grass with colourful flowers and no bald spots.,"Dirt showing through, looks sad and over used.",Majority are very similar.,"Yes for the top and bottom few, but the middle ones are very similar.",I did favourite to least favourite so they naturally fell into ranks.,Pretty flowers.,5,2,3,13,10,1,4,11,15,7,8,6,14,16,9,12,It had lots of flowers of different types.,"It had no flowers, no nettles, lots of dirt.",Less similar than in previous example.,Yes but flowers were main focus.,Least diverse seemed quite similar.,N/A
Pre,Solo2,A,Participant 18,18,Male,21,Irish,General Nursing,4,UCC,2,3,1,4,N/A,N/A,7,6,N/A,N/A,N/A,5,2,3,5,6,2,2,3,4,3,3,2,2,3,1,1,11,5,13,2,14,6,4,1,8,3,7,10,12,9,16,15,More visually appealing due to evidence of thriving flowers. Field looks healthy. Lots of flowers.,No diversity of flowers. Not visually appealing ie colours. Dull,Very similar.,Yes. Based on visual quantity of flowers per square.,Rank 5. Too similar.,N/A,5,11,13,2,14,6,4,1,3,8,7,10,12,9,16,15,More diversity of flowers.,Less diversity of flower species just normal grass on its own.,Very similar.,Yes. Based on visual quantity of flowers per square.,Rank 5. Too similar.,N/A
Pre,Solo3,A,Participant 19,19,Female,22,Irish,General Nursing,4,UCC,5,1,N/A,2,N/A,N/A,6,4,N/A,7,N/A,3,3,6,4,2,3,1,3,4,3,4,3,2,3,2,2,5,11,13,3,2,4,6,14,16,9,10,7,1,15,8,12,Pretty Flowers. Colourful.,Dead grass. Dark.,Similar.,Yes I spotted colours & textures to differenciate.,Rank 5because they weren't ones I liked but they weren't dead or rotten rotten grass.,N/A,5,11,13,14,4,9,16,7,3,1,6,2,10,15,8,12,Because it had colour & texture i.e. flowers & long & short grass.,Because it was dead & dark. Had no flowers and no colour.,Similar but distinguishable.,Yes as I put colourful ones on top of the ranking & dark grass at the bottom.,Rank 4 as it was easy to find the ones with diversity & no diversity.,N/A
Pre,Solo4,A,Participant 20,20,Female,33,Irish,Environmental Health,3,TUD,7,5,4,6,N/A,N/A,N/A,N/A,N/A,2,1,3,2,5,1,5,1,1,1,6,1,6,4,6,2,5,2,2,13,5,7,3,4,1,6,10,11,9,16,15,8,12,14,Diverse mix of plant life. Green & healthy. Good for pollinators & soil health. Most visually appealing.,Less visually appealing. Dry & dead looking.,"Rank 1,2 & 3 similar. Rank 1 v Rank 7 dissimilar.","Somewhat, in some photos difference in species diversity and visual appeal.",Rank 5 & 6 becuase some were patchy / dry but had better diversity & some were more visually appealing / greener but had less diversity.,N/A,2,3,5,13,7,4,11,6,10,1,9,8,14,15,12,16,For the same reason as before most diverse to colourful.,Just plain grass with little colour / diversity.,Somewhat similar.,"Same as before, less colour & diversity in some quadrants. No experience with plant species.",The middle to end Rank 4 & 5.,N/A
Pre,G6,A,Participant 21,21,Female,20,Irish,Physical Sciences,2,Trinity,4,3,2,1,N/A,N/A,N/A,N/A,N/A,5,7,6,1,4,1,3,1,3,1,6,1,6,1,6,3,4,1,11,13,6,14,4,5,2,1,8,3,7,10,12,9,16,15,"Lovely flowers, long grass, nice & green / healthy.","No flowers, bit plain.","All pretty similar, clearly the same field but varing levels of grass length / density / colour.",Clear to see differences between highest ranks and lowest but the middle had only micro differences.,3 & 4 lacked outstanding features.,Should have more flowers / plant diversity for the bees and butterflies.,5,2,13,4,11,1,8,6,14,3,7,10,15,12,16,9,Has the most variety in grass types / reeds. Nice variety in flowers.,"Same type of grass, same flowers, not as many plants visable, grass cut short.","Clear difference in top & bottom ranks, but similar aspects in each.","Yes, hard to tell because various plants. All seem to be the same colour. Camera quality differed.","5 & 6. I lack experience to tell the difference between different types of plants, all looked very similar to me.",Need a closer image / birds eye view of pictures. I can see a lot of the background which we're meant to ignore.
Pre,G6,A,Participant 22,22,Female,19,Irish,Philosophy & Social Justice,2,UCD,2,3,N/A,4,N/A,1,N/A,5,N/A,7,N/A,6,1,3,3,2,2,1,2,6,2,1,3,6,3,4,1,11,5,13,6,14,2,4,1,3,15,9,7,8,16,10,12,"Pretty, majority of grass looks healthy. Plenty of flowers for the bees.","Most of the patch looks dead / wilted, very little plant diversity.",Similar in the sense they show different stages of degradation / natural wear and tear.,"No, many were very similar, almost the same but worn & lacking in notable plants.",4 & 5. Seemed less interesting to look at.,N/A,5,2,3,4,13,7,10,1,6,14,11,15,16,8,12,9,"Has a variety of / colours, a few types of flowers.","Appears on all to be one type of grass cut short, very few (identical) flowers, looks worn.","Clear difference in top & bottom ranks, but middle ranks are essentially the same.","No, start can't tell the difference between plants that are the same colour, all pictures clearly taken in same field so no obvious variety in plant types. Camera quality different between pictures.",4 & 5. Unsure if all green plants were the same.Can't tell if there's a diverse plant life.,"A birds eye view would have been helpful since plants block other plants, need to zoom in, can see too much of the background."
Pre,G7,A,Participant 23,23,Male,24,Irish,Strength and Conditioning,1,Setanta College,N/A,N/A,N/A,N/A,7,1,6,N/A,5,2,4,3,4,5,4,3,3,3,1,5,1,3,4,6,5,2,4,11,5,13,8,2,4,9,6,3,14,16,1,12,7,15,10,Lots of colour long grass,"Not as much grass, less bright.",They have fewer differences.,Yes definitely.,Some were very similar.,Healthier grass was nicer if the picture had better lighting.,2,14,10,12,3,1,4,15,13,11,7,8,9,5,6,16,Other things in picture.,Nicer looking almost the same.,More similar at the bottom.,Yes small differences.,Bottom ones.,N/A
Pre,G7,A,Participant 24,24,Male,37,Brazilian,Strength and Conditioning,2,Setanta College,N/A,N/A,N/A,2,1,4,N/A,N/A,3,7,5,6,3,3,3,3,3,2,2,4,1,3,4,5,4,4,3,5,11,4,14,13,6,10,3,7,1,8,9,2,16,15,12,Different colours of flowers purple and yellow.,No clear presence of colour (flowers diversity),Very similar in terms of colours with small differences between grass fullness.,"As much as I could based on grass colour, sun presense and flowers diversity.",The ones with no flowers,N/A,5,11,4,14,13,6,10,3,7,1,8,9,2,16,15,12,The picture picked first was most diverse on my view based on different flowers.,Didn't see much diversity of flowers and grass patterns.,Very similar in relation to grass but very different on flowers presence.,That's hard to say as I probably review it several times. If I had the time available.,Same level of difficulty.,N/A
Pre,G7,A,Participant 25,25,Male,25,Irish,Strength and Conditioning,1,Setanta College,N/A,N/A,N/A,5,N/A,3,2,6,7,1,N/A,4,5,4,2,4,3,2,2,5,3,3,4,5,3,6,4,4,2,5,16,15,3,6,10,13,11,7,9,1,8,12,14,Grren grass. Some flowers. No 'blotching' / brownish grass . Looks healthy.,More brown than others and lighter grass. Doesn't look as rich / green.,I can see there is differences in them however I don't know why they are different.,"Yes, but I don't know if it's better to have flowers / not etc. or how it affects the environment.",Rank 5 - 7 were similar as I just seen more brown / lighter grass.,N/A,5,2,4,13,11,3,6,14,15,1,7,8,10,12,16,9,Most variety in different flowers in the box and 'healthy' looking grass.,Brownish grass / mossy and has weeds.,Can see the differences again but not sure why one would be strongly outweight the other.,"Yes, as you can see different type of grass / plants in each box.",3 - 5 were tough as they all looked similar and personally am ignorant to the differences.,N/A
Pre,G5,A,Participant 26,26,Female,25,Irish,PhD Environmental Engineering,4,UCC,2,N/A,N/A,3,N/A,N/A,4,N/A,5,7,1,6,2,6,1,3,2,5,3,5,2,5,3,3,2,4,1,5,6,11,2,4,3,14,13,16,15,1,10,7,9,12,8,"Grass is lush & suumery green. Most colourful with yellow, purple, green. Wild appearance.",Largest brown appearance. Appears almost over - cut.,Photosare dissimilar - top ranked flowers & grass are more vivid & healthy looking. Bottom photo look dead!,Not an informed decision. Ranking was purely visual not based on differing plant species - don't have this knowledge.,Rank 5 & 6 - looked most similar to me.,N/A,3,2,5,13,4,7,1,8,9,10,11,15,6,12,14,16,"Seems to have a lot of different flower, grass & weed species. Varying shapes & colours.",Seems like it is mostly just grass strands.,Quite disimilar in terms of colour variation and the number of plant species.,"Yes. Just based on the shape of weeds & flowers present in the top photo. However, I cannot name any of the different species.",4 & 5 seemed to have similar number of varying plants.,N/A
Pre,G5,A,Participant 27,27,Male,27,Colombian,MSc Sustainable Energy,1,UCC,5,4,N/A,N/A,N/A,2,3,N/A,1,N/A,6,7,2,2,3,1,1,1,2,2,1,5,2,2,2,3,1,14,2,3,11,5,1,8,4,10,6,16,9,13,7,15,12,"It was randomly, i didn't have much information to make a ranking.","Same as before, randomly because of the lack of information.","With all due respect, they all look the same to me. If I pay attention I might see grass a bit taller in some, then one or two flowers but in general I don't see much difference.",There are a few differences but my lack of knowledge in the topic doesn't allow me or help me to make a proper ranking.,All of them.,N/A,13,14,2,10,3,11,8,5,4,6,16,15,1,7,9,12,Because it looked more colourful.,"Same as before, second most colourful.","They looked almost the same to me, diversity is a huge concept I wouldn't know how to answer properly for the pictures.","There are a few differences, it's hard to make the ranking.",All of them.,N/A
Pre,G5,A,Participant 28,28,Female,28,Brazilian,PhD Environmental Engineering,1,UCC,N/A,1,2,3,N/A,N/A,4,N/A,N/A,6,5,7,1,3,2,5,2,3,1,5,2,5,4,5,3,5,1,11,5,6,2,13,14,3,1,4,7,15,9,10,16,12,8,It is the one with more flowers and greener grass.  It gave the sensation of symetry - flowers the same and grass some length.,There were spaces without grass and also fewer flowers.,"I think they were very similar, but you also can notice the difference between them, even when small.","Yes - is possible to notice the type of flowers, the height difference of the grass, As well as the state of conservation.",5 & 6 - for me those were very similar.,N/A,5,2,4,3,13,7,8,10,15,16,6,11,1,14,9,12,For me is the ????? with higher number of different species of plants.,"It is the flattest one, just grass.","I think in general they were very similar, but if you compare my first and last ranked ones I see several differences.","No. Regarding diversity is harder to decide, since I don't have a lot of knowledge in the area.","All, except 1 & 7.",N/A
Pre,G5,A,Participant 29,29,Female,23,Irish,PhD Environmental Engineering,2,UCC,4,2,3,5,1,N/A,N/A,N/A,N/A,6,N/A,7,2,4,1,3,2,2,1,5,2,5,4,5,3,2,1,2,5,13,3,15,11,1,4,10,16,6,7,14,12,9,8,Growth is long. Best mix of flora species. Looks like it would support number of wildlife species.,"Growth is very short, partly dry, soil looks tough / hard.","2, 5 & 3 look similar in terms of their make up / compilation of flora species. Overall very similar - could be in the same field / area except 14 / 12.","Yes, but not without difficulty. Hard to rank without context as different opinion on preference if farming, biodiversity, suburban land background.","Ranks 3, 4, 5. Again when you don't know the objective, it is hard to rank when you take out top / bottom ranks.",N/A,2,5,13,3,4,1,11,10,6,8,14,7,15,12,9,16,"Lots of growth, seems to have the most varience in species in terms of flowers and leaves.",A large proportion of the sample appeared to be the same species (grass).,"Fairly dissimilar, easier to see absence of mix of colour / shapes.","Yes, colours & shapes were easy to differentiate between samples.","Ranks 5, 6, 7 - harder to examine the images finely to see the least biodiversity.",N/A
Pre,G5,A,Participant 30,30,Male,35,Mexican,PhD Civil Engineering,3,UCC,6,N/A,N/A,5,1,N/A,N/A,7,3,4,N/A,2,3,4,2,4,3,3,1,5,2,5,3,3,1,3,1,11,6,13,5,14,4,9,3,10,2,8,12,1,15,7,16,Mainly due to the amount of flowers in the patch that show more biodiversity and more equilibrium.,Because it only had grass and few flowers around the deteriated square area of the picture.,Some look quite similar but in more detail you can see different areas deteriated.,I think so because it was possible to count amount of flowers in the area selected for the square.,The rank 4 and 5 cause the pictures at this point look really similar to each other.,It would be intersting to know the area of the square used to delimit.,3,5,7,2,8,4,1,14,10,11,13,6,12,9,15,16,Because it had different types of flowers which indicates more different species in the delimited area.,Mainly it was just grass with no particular flowers having no diversity of species.,Quite similar as it took me a while to identify other type of floweres or plants in the delimited area.,"Not really mainly because I don't know the species or area selected for the study, maybe having a little bit more of info would help.",Categories 4 and 5 as the picturesare quite similar.,It would be intersting to know the different species of flowers in the picture.
Pre,Solo7,A,Participant 31,31,Female,19,Irish,Biology,2,UCD,1,3,N/A,4,N/A,N/A,N/A,2,N/A,6,5,7,4,5,2,2,1,1,2,4,2,6,3,3,1,3,1,5,2,4,3,15,13,11,1,7,14,6,10,16,8,9,12,Because this patch of grass seemed the thickest with the widest variety of plant species. There were little patches with no plants and little moss in the full picture.,Because there was only one colour other than green in the image. The grass also looked the most dry and trampled on.,"They are similar in ways due to them seemingly being taken at the same timeof year. Although, some photos were more appealing due to more variety of colour and having less dry patches.","Yes, but perhaps if U gave myself more time I'd rank them more carefully by observing them better individually rather than first glance.",Rank 3 & 4 were hardest as I had it clear in my head which I liked most and least and it became more difficult in the centre.,N/A,5,2,4,3,13,8,14,1,6,7,11,15,9,10,16,12,Because it was the image with the most colour from the different flowers and also had the most variety of grass.,I chose the bottom image as there was literally only one or two types of grasses and only the yellow flowers for as far as I could see.,They were similar in the varieties of flowers but simply more varieties were near the top of my ranking.,"Yes, I was more careful in my ranking this time as I was more patient and was more clear in my approach.",The ranking of 3 and 4 was difficult like the last time.,N/A
Pre,Solo8,A,Participant 32,32,Male,19,Irish,Chemistry,2,UCD,2,4,3,6,N/A,N/A,N/A,N/A,N/A,5,1,7,4,2,2,2,1,1,2,5,2,6,4,5,4,5,1,5,2,3,14,1,6,7,13,15,4,16,10,11,12,9,8,"Because the patch seemed to be the fullest - looking, with a couple different kinds of plants.",Because it was full of dried up moss / plant patches.,"Quite similar, some photos look like the same location. One photo had different lighting.","I do, however it was difficult to choose some similar ones as being clearly better e.g. some flowers.",Rank 4 was the hardest because it was difficult to say if I neither liked nor disliked them.,N/A,5,2,3,14,1,6,7,13,15,4,9,10,11,8,16,12,"There was many types of grasses, weeds and flowers. Variety of colours etc. The purple and yellow plants and long grass primarily.",Because of the absence of other colours than green. There were few flowers and brown grass that looks dead or dried out.,Largely similar with most the images being either similarly diverse or just largely grass.,I think that from a gap of 2 ranks I was but there was only a minor difference between the ranks adjacent to one another.,Rank 4 as it had to contain the most amount of seemingly 'equal' images.,N/A
Pre,Solo9,A,Participant 33,33,Male,21,Irish,Applied Psychology,2,UCC,N/A,N/A,N/A,3,1,N/A,N/A,4,2,5,6,7,6,2,4,4,2,3,4,6,2,6,6,3,2,4,1,11,13,6,7,5,3,4,12,1,10,8,16,9,15,2,14,"Most plant life in an image, appealing colours.",Darker lighting made colours look worse. ,Very similar.,"Not entirly, overwhelming amount of images and very similar content made it hard to rank.",N/A,N/A,2,5,3,13,7,14,6,4,1,9,12,11,8,10,16,15,Highest variety of colours and different looking plants and textures.,Lacking colour and many different lookinng plants.,They seem less similar now.,"Yes, as I have familiarised myself more with the images and the ranking criteria are more complete.","Preference, too many images and vague criteria.",N/A
Pre,G4,A,Participant 34,34,Female,35,Irish,Applied Psychology,2,UCC,4,N/A,N/A,5,2,3,N/A,N/A,1,6,N/A,7,3,3,3,4,2,2,1,6,2,5,4,5,2,3,3,5,11,3,14,6,2,13,4,1,15,7,16,10,9,8,12,Assortment of colour and different kinda of flowers. Grass looks full with no dry patches. ,"Grass looks dull, dry patches, not much colour.",Some look similar but not exactly the same.,Yes difference in flowers and colour of grass.,6 + 7 due to similarity.,N/A,2,5,3,4,11,13,15,1,6,10,16,7,8,14,9,12,"Different types of flowers, length of grass.","Lack of flowers, grass appeared dull, dry and short.",Some similar but not exactly the same.,Yes difference in flowers and colour of grass.,"1, 2, 3 not enough knowledge about plants etc. to judge diversity.",N/A
Pre,G4,A,Participant 35,35,Female,46,Irish,Applied Psychology,2,UCC,1,N/A,N/A,2,N/A,N/A,4,5,N/A,3,6,7,2,1,6,2,1,2,2,3,1,6,4,6,2,6,1,13,3,5,15,10,9,6,1,2,11,7,12,4,14,16,8,I chose number 13 because there were a lot of flowers visible in the picture. The grass also looked very green.,I chose number 8 as the bottom ranking image because there were a lot a patches where nothing had grown. There were very few flowers compared to number 13.,"I think they are similar in ways. For example a field with yellow flowers and a quadrat. Dissimilar in terms of quantity o f floowers, colour of grass.",Initially I thought I couldnt but when I looked closer it was obcious the differences as explained above. ,The middle ones as a lot of the photos shared the same charactoristics.,There was a lot to choose from even though all very similar when viewing initially.,2,5,3,11,6,1,12,4,13,7,10,16,14,8,9,15,There were a lot of differenc vareties of plants. there was also a lot more grass and it looked greener and fresher.,There were quite a few patches where there was nothing growing. it looked like the groupnd wouldnt allow anything to grow due to being infertile.,Some similar and dissimilar in terms of colour location plants quantity of plants rough patches.,Yes because there were a lot of pictures to choose from and each picture had a different plant or piece of grass.,The middle again because upon initial looking they all looked the same.,N/A
Pre,G4,A,Participant 36,36,Female,34,Irish,Applied Psychology,2,UCC,2,5,4,6,N/A,N/A,N/A,1,N/A,3,N/A,7,2,4,2,4,3,3,3,5,1,4,4,6,5,5,2,2,5,4,15,3,12,13,11,16,7,1,10,6,14,9,8,"The grass seems plentiful, lush, full. I also liked it as you can observe the wild flowers peeking through.","Grass seems burnt, not a lot of growth present.",Very dissimilar. One seems lush the other scorched.,"Yes, although some in the middle ranking seemed similar enough.",The middle categories as quality of grass seemed similar. Some pictures that suggest scarcity still had flowers etc. That made it difficult to chouse preference.,N/A,2,5,3,4,13,11,6,8,1,7,15,10,14,16,12,9,"Similarly to the previous question, grass seemed plentiful and lush. Wild flowers are consentrated with diversity in my mind.","Lack of flowers, grass is a little bit scarce.","They are quite dissimilar. In terms of length, fullness of grass, lack of flowers.",Yes each picture different.,The middle pictures were hardest to rank. Even though each one was distinct. Middle ranking seemed quite similar.,Preference and diversity seemed to slightly correlate /relate to each other.
Pre,G8,A,Participant 37,37,Female,,South African,PhD Engineering,2,Trinity,4,6,5,7,N/A,3,N/A,N/A,N/A,1,N/A,2,1,6,6,4,1,6,1,6,1,6,1,6,1,5,1,2,5,3,10,15,16,7,1,11,13,4,6,9,8,12,14,Healthy looking (nothing dead/ raw ground). Mix of colours and types of plants limiited buttercups and dandilions versus other species. ,Thin more dead short grass prevelence of what appear to be dandilions limited species.,Some similarity in groups of 2 or 3 photos dissimilarity between groups. Mostly think besides within similar group.,Mostly similar besides within similar groups. ,Rank 3 and 4. More similarity difficult to tell the diference for sure. Rank like/dislike. ,Maybe prejudice by what would appear to be less problemantic for horses. ,3,5,2,10,1,4,9,7,8,13,12,6,11,16,15,14,Most varied yellow purple different shape leaves different types of leaves.,Only yellow and short poor quality grass. Difficult to separate rank 6 both look same only 1 place for worst.,Dissimilar with small sub groups of 2 or 3 images.,Lind of between different groups but within what seems to be groups its difficult.,6 and 7 because of the similarity in 2 rank 6 but left they were worse.,N/A
Pre,G8,A,Participant 38,38,Female,,Irish,PhD Anthropology,2,Trinity,6,4,3,5,1,N/A,N/A,2,N/A,N/A,N/A,7,1,4,4,4,1,3,1,5,1,5,1,6,1,5,1,3,2,5,13,8,4,14,6,11,7,10,12,1,15,9,16,I percieved more diverse species which I prefer. E.g. many different grasses and flowers.,It looks like just grass which i dont like.,Very dissimilar one is just green and the other has lots of different colours.,The seemed very similar in some photos where I though tthey were the same e.g 2 and 5.,Between the top 3 catagories and even between rant 1 and 2.,N/A,3,2,5,13,4,8,14,6,11,7,10,12,1,15,9,16,I percerive more species diversity. Like 9 (maybe) different species are visible.,Its just a couple of grasses like maybe 1 or 2. Which isnt great.,Very. There are much more species in the top one which is easier to identify.,Yes I think with little knowlegde you can spot the difference.,Between rank 1 and rank 3 or 3 4. It got easier as you go down the ranks.,N/A
Pre,Solo10,A,Participant 39,39,Male,28,Italian,PhD Botany,3,Trinity,4,N/A,N/A,7,N/A,2,3,N/A,1,5,N/A,6,2,3,1,1,1,1,2,4,2,5,2,5,2,3,1,11,13,2,4,6,5,15,16,14,3,7,9,1,12,10,8,"(a) Because of the presence of many flowers that add some plesant yellow colour all over the grass. 
(b) I have also picked some pics with tall grass and less flowers, because it gives me the feeling of frtile soil and undisturbed area.
","Mainly due to the presence of some dry patches. And same, sometimes it looks like the soil has been disturbed (used, worked).",Every picture is different but there is similarity.,Yes I did because I focused on what was inside the square. My observation was not dispersed.,"4. Which is what I slightly didn't like. Because green is still better than nothing, even, if low biodiversity occurs.",N/A,2,5,3,4,11,13,6,14,7,1,10,8,16,15,12,9,"I could see many different species of flowers, more than in the other pictures.","Presence of just 1 flower all over, for example.",All different.,Same as before.,The top ones because I wanted to count how many different species I could recognise.,N/A
Post,17G5,A,Participant 40,40,Female,21,Irish,Biological and Biomedical Sciences,2,Trinity,N/A,1,N/A,2,7,5,6,4,N/A,N/A,N/A,3,3,5,2,6,1,2,1,4,1,6,2,5,1,5,1,5,4,11,6,1,13,2,3,7,10,16,15,9,14,12,8,"Lots  of nice colour, flora, bright green grass.",Looks dead with plants trying to survive. A bit sad.,One represents life and the other decay. Opposite sides of the same spectrum.,"Yes. Based of multiple criter I made informed decision. = joy, colour, fauna.",Middle ones. I liked the photos with long grass. Not sureif more floral diversity was a higher preferenceto me or not.,Looks like they came from the same field. Mad to see there's so much change in the photos from a similar area.,5,4,3,2,10,9,8,13,7,15,6,1,12,11,14,16,Most diversity observed. Flower type & grass type.,Lowest diversity. Just long grass & 1 flower type.,Very! One has - 2 species & the top - 10+,"Yes, much more obvious, less objective. Easier, more based on observation.","Honestly pretty easy. Maybe near the bottom, hard to discern species.",Similar comment. Mad the amount of differences in diversity from similar areas.
Post,17G4,A,Participant 41,41,Male,21,Irish,BESS,3,Trinity,1,2,N/A,4,N/A,N/A,N/A,N/A,5,6,3,7,3,5,3,3,1,4,2,4,3,5,3,5,4,3,2,4,3,5,2,11,13,15,16,7,1,12,10,6,9,8,14,I choose number 4 as my top ranking image due to its brightness and colour. The grass was a brighter shade of green and the yellow made it my top ranking image.,"Darker shade of green for the grass, not as visually appealing.","I think all the photos are all largely similar, with colour being the main difference.","There was a sufficient difference to rank them but outside of colour and patchy spots in the grass, there were little differences otherwise.",Rank 4 as there was little difference between them.,N/A,5,3,4,2,13,16,6,10,7,11,1,9,8,15,14,12,I chose 5 as my top ranking image due to the greatest diversity in colours and plant types visable.,"This image had little diversity, was mainly grass, no plants.","Photos similar again, only differences being grass length.","I was able to rank them on diversity, but here were smalldifferences between them.",Rank 4 as they all looked near identical.,N/A
Post,17G1,A,Participant 42,42,Female,20,Irish,Geoscience,2,Trinity,5,4,N/A,6,3,7,N/A,1,N/A,N/A,N/A,2,3,4,4,4,2,3,2,5,1,5,3,5,2,3,2,5,11,2,6,14,3,1,13,7,4,16,10,15,8,12,9,"The grass and the flowers look well maintained and healthy. Also, the pretty colours of yellow and pink in the flowers.",The grass looks almost dead and not taken care of. Nothing visually appearing in the square.,I think that they are dissimilar as my top one looks healthy whereas the bottom does not.,Yes because the square encapsulates enough grass to see a clear difference between the state of both of them and decide which one I prefer.,"3, 4 and 5 because a lot of the grasses look similar so there was not much to distinguish them.",The ones with the flowers are more appealing.,5,3,2,4,11,8,10,14,13,6,12,7,1,15,16,9,I picked this image because it has multiple types of flowers growing in the squareand with beutiful pink and yellow colours.,Theres not much diversityin the quare and very little flower growth and the grass surrounding it seemsdead and not taken care of and not thriving.,"They're very different as one seems full of life with pretty, vibrant colours and the bottomone which is bland and deadwith seemingly no life.",Yes because the square is big enoughto see the amount of biodiversityin the area in order to compare their differences.,"3, 4 and 5 because a lot of the diversity is similar in these photos with lots of yellow flowers and healthy grass.",The majority of these photos look like they are healthy grasses with great biodiversity.
Post,17G2,A,Participant 43,43,Male,18,Irish,Economics and History,1,Trinity,N/A,N/A,N/A,1,N/A,N/A,2,3,5,6,4,7,5,4,2,3,2,3,2,5,1,4,4,3,2,4,1,5,2,11,4,13,1,6,3,10,15,7,12,16,9,8,14,"Healthiest (greenist) grass. Fewest visable patches. Good density of other flora and they look healthy. In others, there may be more but many are dead or dying.",Most patchy area. Visibly different shade of grass. It is darker and shorter. Low density of flora and non-diverse flora.,"Very dissimilar. The top ranked photo is lush, green and inhabited by a wider range of plants. Feel like it would host more and stronger insects.","Yes. It would be easy to decide which category however within categories there is little differences.  Using richness (estimated) of grass colour, height and density, plant colour & density, health of soil.",Rank 4 and 5 were the hardest as they were equally poor with dried grass patches. Short wispy grass. I used the height and prevalence of other plants to make my decision.,Just a slight concern that my judgement of the photo I ranked last was altered by a change in brightness of the day. The difference is so stark.,5,2,11,4,13,6,1,3,10,15,7,12,16,14,8,9,"There was strong, green, dense grass coverage. A mixture of yellow, pinkish and maybe orange florawith no one plant type dominating.",It had some of the patchiest grass cover. It had just grass with sparse dandellines. I believe there are weeds within it too.,Very dissimilar. One is host to dense grass and diverse flower types the other has patchy grass and 4 dandellions.,Yes. The colour was a strong indicator as the top is bright green with flashes of pink and yellow while the bottom is brown mixed with green.,Rank 5 was the hardest as they were each very sparsely populated with diverse flower types.,Some minor concern as last time that photo 14 was taken on a darker day.
Post,17G2,A,Participant 44,44,Female,19,Irish,Biological and Biomedical Sciences,2,Trinity,3,4,2,5,N/A,N/A,N/A,N/A,N/A,7,1,6,3,4,1,4,1,3,1,6,2,6,4,6,3,5,1,5,3,2,4,11,13,1,8,6,15,14,7,10,9,16,12,"I chose the picture with the frame with that had the largest number of flowers, along with what I thought was the largest range of species present.",The frame in this picture did not have a particularly wide range of species and consisted largely of different types of grasses.,"I would say the photos are not hugely dissimilar they both come from similar types of grassland, however it is clear that there is a large difference in biodiversity with the two pictures.","I could definitly see the difference between the images, but because I didn't know exactly I was ranking them on, I don't think my decisions were particularly well informed. ","Ranking the categories 6 & 5, on a lot of the photos looked more similar in terms of numbers of flowers & species present.",N/A,5,3,2,4,11,13,1,8,6,15,14,7,10,9,16,12,I thought that this picture had the widest range of species present.,I thought that this picture had the narrowest range of species present.,In terms of diversity I think that there is much less species present in one picture than the other.,I think that you could see a definite difference in plant diversity between pictures.,A lot of the middle categories seemed fairly similar.,N/A
Post,17G3,A,Participant 45,45,Female,20,Irish,Biological and Biomedical Sciences,3,Trinity,2,4,5,3,N/A,N/A,N/A,N/A,7,1,N/A,6,3,5,3,4,1,1,1,4,1,5,2,6,3,4,1,5,4,2,3,15,13,16,11,10,1,7,6,12,8,9,14,I chose it because of the large amount of greenery. I liked the yellow and pink flowers and how all the grass seemed to grow tall.  There was no patch uncovered with green and I really liked how it looked like a wild flower field. It looked healthy.,There are large brown patches where I can see the dirt below and it made me think that it wasn't healthy. There wasn't as much greenery as the first pictures and only a few slight yellow flowers. This probably meant that the soil below may have bad issues.,Very different from each other. Top ranked picture is more vivid and is filled with green vegetation and the least ranked was less vivid and as almost brown filler to it.,"Yes. The pictures are very different from each oher but because they were just pictures, I only got one side of the full field. Perhaps also the lighting may have affected my perception.",Rank 4 as most pictures were similar to rank 3.,They really nice pictures.,5,3,2,8,10,4,13,14,11,1,7,6,12,9,15,16,"Largest amount of flowers and types of greenery. I like the flowers.
I like the flowers.
Yellow flowers, pink flowers, long grass, white flowers, other different.",Least amount of diversity. Only had one type of grass and maybe wheat?,Quite similar only difference is the amount of different types of greenery.,Yes. It's obvious that there is a large difference in the diversity of greenery inbetween the two pictures.,Preference - I had to just choose what I liked best but as I was choosing I asked myself why I was choosing What I was choosing.,Pretty pictures.
Post,17G3,A,Participant 46,46,Female,18,Irish,Biomedical Sciences,2,Trinity,1,N/A,N/A,2,7,N/A,N/A,6,5,3,N/A,4,1,3,2,5,1,2,1,5,1,6,2,5,2,5,1,11,13,6,5,2,16,15,10,14,3,4,1,12,7,9,8,"Contains may yellow flowers that look pretty & eye-catching. 
Grass looks long and healthy hydrated. Grass isn't patchy & dead. 
Field looks aesthetically pleasing. ","Grass is short & sparse. Looks dry, dead & patchy in places. Not many flowers or interesting colours.",I think they are pretty dissimilar. The bottom- ranking image doesn't look aesthetically pleasing or healthy.It looks uncared for.,"Mostly yes. Some images were quite similar such as 15 & 16.
But most were ifferent enough that I had a preference for one over another.","Ranks 3 & 4.
I didn't have a very strong like or strong dislike for these images. So it was harder to put these in order of my preferences. ","I felt that fields with only grass (no flowers) looked better than fields with grass & flowers, where the grass was patchy and / or wilting.",5,2,3,4,6,13,11,7,1,14,10,12,8,15,16,9,"I can see a wide range of plant species such as clover, thistle, buttercup and grass.
Overall the grassland looks very healthy & diverse.","There are only a few flowers, all of which seem to be the same species.

It doesn't seemthat the grass / non-flowering plants have much diversity.",Very dissimilar.,"Mostly yes.

Although some of the grass / non-flowering species were hard to spot & distinguish from one another.","Ranks 1 & 2.

Hard to tell which pictures truly have more diversity, as opposed to which have more flowering plants.",N/A
Post,17G3,A,Participant 47,47,Female,34,Unknown,Botany,4,Trinity,6,5,4,3,N/A,N/A,2,N/A,N/A,1,N/A,7,1,3,2,3,2,3,1,3,2,5,2,5,3,2,2,3,5,10,9,4,2,15,13,7,8,14,1,6,11,12,16,"Looked like higher species diversity and lower nutrients, also with less grasses and more wild flowers. Greater range of  ???? height, including ???? ground - not all tall grasses. Looked like maybe there were orchids present?Which are prioritised in Ireland.","It appears low in diversity of species, with too much grass.","Without doing a botanical survey, thwy look quite dissimilar although would have some similar species.","Cannot see enough of the diversity from the photos, given the aerial view eg cannot see ?????? communities.",I'm not sure.,N/A,3,5,10,9,4,2,15,13,7,8,14,1,6,11,12,16,"Looked like higher species diversity and lower nutrients, also with less grasses and more wild flowers. Greater range of ???? height, including ???? ground - not all tall grasses. Looked like maybe there were orchids present?Which are prioritised in Ireland.","It appears low in diversity of species, with too much grass.","Without doing a botanical survey, thwy look quite dissimilar although would have some similar species.","Cannot see enough of the diversity from the photos, given the aerial view eg cannot see ?????? communities.",I'm not sure.,N/A
Post,17G3,A,Participant 48,48,Male,19,Jordanian,Biomedical Sciences,2,Trinity,4,3,N/A,2,N/A,7,N/A,6,N/A,5,N/A,1,6,3,4,2,1,1,1,4,3,6,5,4,3,3,1,2,5,3,4,11,13,1,6,7,10,15,16,9,14,8,12,"The top ranking image ""2"" was the fullest and most vibrant. It also seemed to have the most amount of plant variation. While not as well ""maintained"" as others, it seems to be the most lively and natural one. It has yellow flowers, pink flowers, long grass and it's the greenest.","Because of the wide prevalence of brown dead spots of grass in image ""8"" as well as a lack of plant diversity that's prevalent in the other images.","The vibrance and ""aliveness"" of the plots in image ""2"" and image ""8"" is vast, with the latter being less diverse and more dead, while the former being brimming with life.","Yes, the photos are quite similar but you can see quite stark differences, especially in the first ranked and bottom ranked.","The middle ranks of ""4"" were the hardest, as the pictures were very similar in this mid tier, so distinctions were purely on preference, while the first ranks and last were easier.","No, but to say there really might not be a method to my madness.",2,5,3,4,8,10,11,7,13,1,6,14,9,15,16,12,"Image ""2"" was again the top one. It had the most amount of plants as well as the highest diversity, from yellow flowers to pink / purple ones, and the tall grass. It was an easy choice.","It was the most barren, with just having a few flowers and a bunch of brown spots, easily the least diverse.","Very dissimilar as first ranked had 3+ different plant species that filled the plot, while last had barely 2, and was barren in contrast.",Yes. You can easily observe and count the different species as well as see the abundence of life in each photo.,The middle ranks again were the hardest due to the similarities.,N/A
Post,17G4,A,Participant 49,49,Male,21,Irish,BESS,2,Trinity,3,1,N/A,2,N/A,N/A,N/A,4,5,7,N/A,6,3,3,4,3,1,4,4,5,3,6,3,3,4,3,2,5,4,2,3,11,15,10,1,7,14,16,6,13,12,9,8,"A combination of aesthetic value, healthiness of flora and degreeof biodiversity.","Little plant life. Dead, ugly and sparse.",Relatively similar. Seems like same plants growing over time.,"Yes.
A marked difference can be observed to inform on aesthetic values and degree of biodiversity.",Rank 4 & 5 - Quite similar. ,N/A,5,4,2,6,11,3,1,14,13,7,12,10,8,15,9,16,Different species of plants present.,Very little diversity. Quite bland and unremarkable.,Relatively similar. Degree of diversity is not exceptional in any photo.,Yes. Marked difference between them.,Rank 7 & 8. Easy to miss different but similar looking plant.,N/A
Post,17G1,A,Participant 50,50,Female,19,Irish,Geoscience,2,Trinity,3,4,N/A,2,N/A,N/A,N/A,1,N/A,7,5,6,3,3,2,4,1,2,2,5,3,6,4,5,4,4,3,11,13,6,4,14,5,7,1,3,2,15,10,16,8,9,12,It seemed like the most vibrant in colours and the most flowers.,"It seemed like the grass was not as green as in the other images. Overall, it did not give the impression of lush, healthy grass with respect to the other images.","Focusing on the area in the white square, they are quite different.","I think the difference between the photos was quite evident, the number of flowers varies in each one, as well as the vibrancy of the colours and the state of the grass.","Probably rank 4 and 3, as they were not completely flower-less but they were not vibrant as rank 2 and 1 either.",I based my preference on how healthy and colourful the grass inside the white square looked like.,2,3,5,7,4,13,8,11,10,6,1,14,15,12,16,9,It seemed like the one with the most variety of flowers in the white square.,It looks like there is only one kind of grass in the white square.,I think the photos are fairly different: the flowers and the grass vary.,I think the different flowers and grass were noticeable enough.,"Once again the middle ones - ranks 3, 4 and 5. Deciding which ones had the most diverse flowers and grass was the most difficult.",N/A
Post,17G5,B,Participant 51,51,Female,48,Irish,Psychology,3,Trinity,5,N/A,N/A,4,N/A,3,2,1,N/A,6,N/A,7,2,5,1,5,2,3,2,6,2,5,3,5,2,5,2,5,3,2,4,13,11,15,16,1,7,9,14,10,12,6,8,Looked natural.,Looked destroyed.,disimilar.,Yes. Looked interfered with.,N/A,N/A,2,5,3,4,7,13,6,11,14,1,10,15,9,16,12,8,More of a mixture. Natural looking. Wild.,Not much growing.,Would be similar if left alone.,Yes. Looks like it's walked on.,3 & 4.,N/A
Post,17G5,B,Participant 52,52,Female,19,Canadian,Biomedical Sciences,2,Trinity,6,5,N/A,7,2,N/A,N/A,1,N/A,3,4,N/A,1,3,1,4,1,2,1,3,2,4,4,3,4,6,2,16,13,14,15,11,5,3,2,4,10,7,1,6,12,9,8,"Most visually appealing, I like tall grass.",Looked super boring....bad vibes.,Dissimilar.,"No, 7 was very arbitauary.",The middle because they all looked the same.,Preference could mean anything....how can this data be computed?,5,3,13,2,1,4,8,7,10,14,12,6,11,15,9,16,"It appears to have the most growth, blooming flowers, distinct type of flowers, different types of leavesand grasses.",There only looks to be one type of tall skinny (flowering) grass.,Similar slightly.,"No, they were all so similar, it was hard to differenciate one plant from another / how many were present, and some plots had less growth (which does not necessarily mean less diversity).","The middle; 3,4,5 ,6 because they were all very similar.",The time of year could also impact viewable diversity.
Post,17G5,B,Participant 53,53,Male,19,Irish,Science,2,Trinity,N/A,N/A,N/A,N/A,4,N/A,1,2,6,5,3,7,5,3,3,4,2,2,1,4,2,4,3,5,1,2,1,5,4,3,11,13,2,10,8,7,6,14,1,9,12,15,16,"It showed the greatest range of diversity between all of the images given, multiple types of flora, and grasses.",It showed the least diversity. Mainly composed of long grasses with little to no types of flora.,"Quite dissimilar in regards to diversity of flora species, although similar in terms of grass type,although my bottom ranked had a lot more grass.","Definitely. All , had to do was regard the image from the perspective of; colours, flora types, grass length, shade, texture and immediately observed differences.","The hardest to rank was cat. 2, as there were multiple contenders for these two places.",N/A,2,13,4,3,11,5,16,7,6,1,8,12,10,9,15,14,"The image I choose for #1was number 2. Purely because of the vivid colours, greenery of the grass. The yellows, purples, browns. The image looks healthy and beautiful.",Because it is as I believe the opposite in all ways to the first photo. This image didn't strike me as appealing / attractive. The lack of vivid colours. The area photographed looks sickly and unwell almost. Sparse patches of brown and dying plants.,"They are most dissimilar, due to the shades of green. The #1 image looks bright and inviting while rank 7 looks dead and unappealing. Plus the #7 image only contains dying yellowflowers while #1 has lots of green, purple & some yellow.","Yes, from an artistic point of view I like the look of the one I ranked #1 and not rank #7. Rank #1 has a greater diversity of flora too.",Definitely rank 4 as there are so many to choose frm and lie in the middle between very diverse and not.,"No, I like them. They'd do well in a gallery."
Post,17G5,B,Participant 54,54,Male,20,Irish,Biological and Biomedical Sciences,3,Trinity,1,5,N/A,4,N/A,N/A,N/A,3,N/A,2,6,7,3,4,5,2,1,3,1,5,2,6,3,4,5,4,2,5,3,2,11,6,1,8,9,10,13,4,7,12,14,15,16,The colour of the plant mixed with the long grass made the picture aestetically pleasing.,Bland ugly look to the growth. Also reminded me of my secondary school football field.,"In terms of aestetics, very dissimilar.","Yes, while the picture were similar, they were not the same. This sweet spot of similarity informed my decision.","Rank 2, number one was easy to choose. However the next two best were equally good.",N/A,5,2,3,4,8,7,10,13,9,15,6,1,11,14,16,12,"Large amount of growth.
Varying species as seen by the variety of colour.
Flora of species can also be seen by varying length and shape of plants.","Bare and uniform flora in square.
Lack of growth with some evidence of plant death.
Lack of flowering plants.",Completely dissimilar. While first preference show vibrant growth and diverse colour. Whilw bottom preference is more 'grey' and barren.,"Yes, I believe there was enough variation along with a large enough sample size to inform a decision.","Rank 4. While differeentiating polar opposites is relatively easy, the difference is harder to spot near the middle of the spectrum.",N/A
Post,17G5,B,Participant 55,55,Male,19,Irish,Biomedical Sciences,2,Trinity,3,6,5,4,2,N/A,N/A,N/A,N/A,1,N/A,7,2,5,3,4,1,5,1,6,1,5,3,2,2,4,2,2,1,15,5,3,4,11,7,13,6,14,16,9,8,10,12,"Diversity of flowers 
Lots of cross pollination (1 image) 
Overgrown grass told me its populated, makes me happy.",Not visually appealing,Not very similar at all.,"Yes, the number of flowers are varied greatly.",Rank 5 - 7 the grass looked burnt / dead in majority of these photos.,N/A,5,11,2,6,1,8,7,15,13,12,9,16,14,4,3,10,"Colourful flowers, bright green grass. The bees in the photo pleases me because they can pollinate.","The grass doesn't look healthy.
Large holes, overgrown and faded colours.",The higher ranked ones are similar because the grassland looks pollinated in all of them.,"Yes, the grasslands were different it was clear from how well they were kept.","Rank 1 - 7, all looked nice with plenty of flowers.","No, I love this survey though."
Post,17G5,B,Participant 56,56,Female,24,USA,PhD Environmental Engineering,2,Trinity,3,5,6,2,N/A,N/A,N/A,7,N/A,1,N/A,4,3,3,3,4,2,4,1,4,2,5,4,5,4,4,2,2,5,3,9,4,8,7,11,13,15,10,6,14,1,12,16,It looked the most interesting in terms of identifying different plants.,"- Pretty much just grass
- Would get bored spending time in that space after like 5 mins.
- Not colourful & has some dead patches. But doesn't look as soft as #1 & #12.","They are quite similar because they all show 'lawns', so I feel like my baseline preference is set & the augmented by the addition of features like colour / perceived touch, and plant type.",Yes because I was basing a lot of my 'preference' on how I would feel being in that habitat.,"! & 2 because I was unsure which aspect of my preference (colour, presence of flowers, diff types of plants, softness etc.) should hold more weight.",I tries again to not have the browner colour of #14 influence my preference of it by potentially seeing it as more 'dead'.,2,3,5,7,4,9,10,13,8,6,1,14,15,11,16,12,"- Taller vegetation - probably lots of species competing for sunlight.
- Potentailly more insects could hide in the denser vegetation.
- Variety of different flower colour / shapes.
- Multiple kinds of leaves identified.
- It also looks like there's a variety of types of plants like flowers vs grasses.","- I think I can count only 4-ish different plants in the square.
- Low to the ground.
- Dying grass leaving patches of brown that haven't been taken over yet.",They are similar in terms of the type of habitat thay should support - grassland - but dissimilar in what I would call the 'health' or 'service' of that habitat in the wider ecosystem.,"Yes, assuming that I was looking for the right things. I could easily tell the difference between most & least populous squares, but some in the middle were harder to tell among the others.",4 & 5 because so many of them in the middle seemed similar so I couldn't evaluate what might make a picture worse.,"Image 14 was a bit darker than the others, but I wasn't sure if this was just lighting or an indicator of darker / reddish growth in the lawn."
Post,17G1,B,Participant 57,57,Female,20,Irish,Biological and Biomedical Sciences,2,Trinity,2,3,N/A,4,N/A,N/A,1,7,N/A,6,N/A,5,3,3,3,4,2,4,1,4,2,5,4,6,3,5,3,5,2,11,13,16,4,15,8,1,3,6,7,10,14,12,9,I picked my top choice as it had a good mixture of colour from different flowers and also the grass was quite green and long which I think looked nicer than shorter grass.,I picked it because it was fairly short uniform grass which had some sparce patches and also what look like spikey weeds which weren't very aesthetically pleasing.,"Again, I think there's clusters of them which look alike but there's a medium level of difference between them, they all are green grass of varying lengths with the same few different flowers.","Yes I think I was as I could tell what things I visually preferred  - colour, grass density of cover and length, variety.",Again I think the middle ones were the hardest as I feel like a lot of them were more similar so it was harder to make a concrete decision on which I preferred.,N/A,5,2,3,13,4,8,7,1,10,6,12,11,14,9,15,16,"Because I could see several different looking plants with different petals, stems and colours.","Because I could see the least variety in the plants growing there, it all just looked like the one grass.",I think there's definitely sub groups which look quite similar but say between my ranked first and last they're quite different so overall a middle amount.,"Yes I think so , I mainly based my decision on the amount of obvious visual differences which I think was an okay metric of comparison.",I think the middle / lower section was hardest as I feel like there were fewer obvious differences to separate the photos.,N/A
Post,17G1,B,Participant 58,58,Non Binary,20,Irish,Geography and Geosciences,2,Trinity,N/A,4,3,5,N/A,1,N/A,7,N/A,6,N/A,2,1,3,3,2,1,3,1,5,2,6,1,6,3,4,1,5,2,3,13,11,4,16,6,8,1,14,15,7,10,9,12,The grass looked lusher / greener and the flowers visible were nice to look at.,Few flowers were visible. The grass was short and had brown patches in it.,"According to my preference the photos were quite similar, main difference being in how many flowers were visible.",Yes. I looked at the photos from far away and also up close to make my decision. The differences in colour of grass and amount of flowers made each photo sufficiently unique.,As I got towards the bottom of the ranking I felt it was more difficult to choose between the images and decide on which photo to put as rank 7.,N/A,3,5,4,9,8,2,10,6,7,11,14,15,13,1,16,12,I chose it because I can see loadsand loads of different types of leaf. Some have flowers and longer seed stalks but my main reason is because of the variety of leaves.,"I chose this image because, other than a few plants with the same flower I can only see shorter grass and a couple of other leaf types.",Some of them seem similar at first glance but when you look closer you start to see more obvious differences.,Yes. I could easily tell that some pictures contained flowers / plants that weren't visible in other squares. There was also differences in grass length and colour that differentiated the photos.,"I found the middle and lower ranks (5 - 7) harder to order as I had chosen them as less diverse for different reasons eg. mostly grass visable, no / few flowers.",N/A
Post,17G1,B,Participant 59,59,Female,20,Irish,Geography and Geosciences,2,Trinity,6,5,4,7,1,N/A,N/A,N/A,2,3,N/A,N/A,2,5,2,5,1,1,1,5,2,5,3,5,3,4,2,2,3,5,1,4,13,7,11,10,15,16,6,9,12,8,14,"It looks very healthy, there are lots of colours and it looks like there is a lot of diversity in the type of plants.",There is only one type of flower I could see. The grass doesn't seem very healthy or overly green.,"I think rank 1 and 2 are very similar. Ranks 7, 6 and 5 are very similar also. Rank 3 and 4 are quite similar. There is not much difference between neighbouring ranks but a lot of difference between ranks 1 and 7.",Because it is preference I think there is enough difference because it is opinion rather than being countable.,"Ranks 7, 6 and 5 were the hardest along with 1 and 2.",N/A,2,3,5,4,13,7,11,10,1,8,15,6,12,9,16,14,Many types of flowers and different types of grasses. Lots of different shaped leaves. Bees and other insects like a variety of flowers so there would probably be a lot of insects.,I can only see one type of flower and it doesn't look like there are many types of grasses / non flowering plants. The grass seems quite short and not as healthy making me think there would be fewer insects.,There is a big difference between rank 1 and rank 7. Within the top 3 ranks there doesn't seem to be a big visual difference. The bottom 3 ranks also seem quite similar.,I think that there is enough difference that is observable to give a rough ranking but it is quite easy to not know if some of the photos should be in a rank x or one rank above. The photos don't show any difference between animal / insect diversity so it is hard to take that into consideration when ranking the photos.,Rank 1 and 2 or Rank 6 and 7 were the hardest because from the photos it is hard to see exactly the number of different species.,N/A
Post,17G2,B,Participant 60,60,Male,25,Irish,Science,2,Trinity,5,3,4,7,1,N/A,N/A,N/A,N/A,2,N/A,6,6,6,1,4,1,1,1,5,1,6,3,6,2,5,1,5,2,9,10,3,4,11,14,6,13,8,7,1,12,15,16,"Colurful, looks deep, dense rich, looks soft.","Slightly bland, looks unpleasant to touch.",Very dissimilar.,Yes as I assume preference meant visual preference and is opinion based.,Top categories Rank 1 and 2 I liked quite a few it was difficult to rank above each other.,I like the different flowers.,10,9,2,7,5,13,8,3,6,4,1,12,14,11,15,16,Looks like many different grass leaves shapes and sizes interspersed with small areas of different coloured and shaped flowering plants.,Grass seems broadly similar with only 1 or 2 variants and 1 or 2 flowering.,Similar enough at a distance.,"No, I'm sure a botanist may more readily identify species and it's possible I am mistaking multiple forms of one plant for multiple species.",Middle categories Rank 3 - 5 seem quite similar.,I may have ranked higher images with darker greens.
Post,17G2,B,Participant 61,61,Male,22,Irish,Botany,2,Trinity,6,1,2,N/A,7,3,N/A,N/A,4,5,N/A,N/A,4,4,1,6,1,4,1,6,1,6,6,6,3,5,1,5,3,2,4,13,8,7,1,10,9,11,6,14,12,15,16,"I enjoy long grass and there were lots of colours. Its not boring, and it reminds me of being out of the city. Its different to grasslands you usually see at verges.",It is plain grass. It makes me sad because there is no flowers for bees. Its boring and monotonous. It looks like a man made grass area.,Dissimilar.,"Yes. There were big differences in how boring I found them, and their connotations with the city.",Highest - I liked a lot of them.,"Yellow flowers don't interst me as much as we have a lot in the city. I tend to look for purple and pink, and moss.",5,3,8,4,13,2,7,11,10,9,6,12,14,15,1,16,"I feel as though if I went out into nature to look plants closely, this would be an interesting patch. There are different colours and shapes, there are varying heights, cool leaf shapes, and moss. It looks healthy and fresh.","There seems to be only grass here. No flowers or moss, no colour, no leaves. The overgrown grass looks dead.","A few were similar, but there was a lot of different types to see.","Yes. I mainly categorised them based on colour and depth - depth I mean how interesting it is (height, shapes, complexity).",The middle parts felt most similar.,The surrounding area may have biased my opinion.
Post,17G3,B,Participant 62,62,Female,20,Irish,Biological and Biomedical Sciences,2,Trinity,4,5,3,6,N/A,N/A,N/A,2,N/A,1,N/A,7,2,5,3,4,1,3,1,4,2,3,2,5,3,4,3,2,3,5,11,4,13,7,1,15,10,16,14,6,9,12,8,"I preferred it most as the grass is very low and there are flowers and it just looks the healthiest to me, therefore the most pleasing.",Because it is all brown and dry and the grass is short and wisby and it just looks gross.,Quite dissimilar.,Yes I think so as I just let myself choose my favorites and my least favourite in order of extremity.,The bottom again as they all looked fairly similar so there wasn't a huge difference to choose from.,N/A,5,3,2,13,8,4,14,11,7,6,1,10,9,15,12,16,It had the most variety of plants and flowers. Wasn't extremely clear how many but just by looking could see a lot more diversity.,Had the least diversity and variety in plant life of the bunch of pictures. No flowers at all compared t the,Very dissimilar (between top & bottom) but all photos are similar enough with just slight if any variations after.,"I think so, as the ones in the top ranks clearly have more diversity compared to the bottom. Comparing top to top and bottom to bottom was tricky however and I'm not sure they are very accurate.","The bottom ranks were the hardest as it is unclear just by looking how much diversity is present , all look very similar at bottom.",N/A
Post,17G3,B,Participant 63,63,Female,20,Irish,Biological and Biomedical Sciences,2,Trinity,3,2,1,4,N/A,N/A,N/A,6,N/A,5,N/A,7,3,3,3,3,2,4,1,5,4,5,3,4,2,5,1,11,5,13,4,3,2,14,6,16,15,12,1,10,7,8,9,It looked the most lucsious & 'alive'.,It looked dry & 'dead'.,Similar. The top ones I choose appear to be from the center of the field where vegetation is rich & vice versa for the bottom ranking ones.,"Yes, there was good variety between the pictures. However, some of them were very similar.",Mid - lowere category is hard to differenciate why I disliked a picture more than another.,N/A,5,2,3,13,14,8,6,11,4,1,7,12,10,15,16,9,"I think they had the greatest range of vegetation e.g. smooth blades of grass, wider grass, leafy plants, yellow flowers, purple flowers & brown plants.",Only had grass or was limited to one kind of flower e.g. just yellow flowers or just purple flowers.,Similar. Appear to be from varied locations in the same field.,"Yes, some photos clearly had more plant variety than others. Obviously if they were zoomed in more & I was provided with a key to identify different species as opposed to different grass types of the same species I would be able to make a better informed decision.",The middle categories as there was very little differences between them.,N/A
Post,17G3,B,Participant 64,64,Male,19,French,Biomedical Sciences,2,Trinity,N/A,4,1,3,2,N/A,N/A,5,N/A,7,N/A,6,1,1,1,3,1,1,4,6,4,6,2,6,3,2,1,2,5,4,3,7,1,10,13,15,16,12,6,11,8,14,9,"There is a lot of grass with numerous different sizes and shapes, with a few flowers for colour.","It feels very dead, a lot of blank patches and all the grass is low to the ground.",(Same answer as before),"I don't see how one could not feel able to rank on aesthetic preference. So yes, I felt able to make an educated choice.",The general middle because of the overall similarity.,"The placement of the 'choked out' nature were hard to place because it is aestheically pleasing, but hard to choose because of the sadness provoked by the apparent invasiveness of these flowers.",2,5,3,4,10,7,8,15,12,1,9,11,16,6,14,13,"It seemed to have the most amount of species and, the numerous flowers might help with numerous pollinators.","It feels aggressively all the same , it read to me as something that was either invasive, and / or was the same individual just spreading with rhizome.","There is a gradient of flowers but all are fairly similar, with the same about 5 to 6 types of plants.","I feel I could identify different grasses better, but still this is just knowing at glance to look for more than the grass.","The middle rank was difficult so I identified similar numbers of plants or spread of these plants, so it was difficult to choose.",N/A
Post,17G3,B,Participant 65,65,Female,20,Irish,Biological and Biomedical Sciences,4,Trinity,3,4,N/A,5,N/A,N/A,N/A,1,2,7,N/A,6,2,6,1,6,1,1,1,5,2,6,2,6,2,4,1,5,4,3,13,2,1,10,7,11,15,16,6,8,9,12,14,"High floral diversity, grass is uncut. Also, I like red clover as it is n-fixing and pollinator friendly.","Low floral diversity and grass is cut short, it looks heavily managed rather than wild / a part of nature.",Photos are different due to diversity & management. ~1 photo much more colourful and wild - looking.,"My preference is influenced by perceived diversity, which I may not get a good estimate of from image. My opinion is not informed but I prefer a wild, untouched look.",Higher categories were more difficult as they all looked relatively diverse / wild.,N/A,2,3,5,4,13,7,10,1,8,15,11,9,6,12,14,16,"It has a large variety of flowers / leaf types, which I interpreted as the greatest number of species. Floral diversity was most important to me as it is good for pollinators. I was less interested in distinguishing between types of grass.","I only see two types of grass inflorescence and no traditional flowers, so I think species count is low.",Photos are quite dissimilar as some show signs of management while others don't. There are alsodifferent amounts of flowers in each.,"No, I can't see all layers of vegeatation, there may be some under grassland and its not easy to distinguish grass species from picture.",Middle categories were different as difference in diversity was less obvious. Lower categories were also hard as at vegetation may look less diverse.,N/A
Post,24G1,A,Participant 66,66,Female,20,Romanian,Biological and Biomedical Sciences,2,Trinity,6,7,N/A,3,N/A,N/A,1,2,N/A,5,N/A,4,1,5,3,3,2,1,1,6,1,5,1,6,3,6,1,11,6,13,3,4,5,1,7,15,9,2,10,16,12,14,8,"Grass is abundant and green , Has the most yellow flowers spread everywhere. Grass is medium legnth. Looks like a healthy environment.",Grass is scarce (patches of grass) Flowers are scarcce and whithered.,I think they could belong to the same field. Pretty similar. ,"There are quite a few differences, but there werent big enough discrepancies.",The bottoms ones because some would have flowers but less grass and some would have plenty of grass but less flowers. ,N/A,5,11,13,4,1,6,14,2,8,10,9,7,3,15,12,16,Has both yellow and purple flowers which gives the image the most diversity. Also different types of grass can be seen.,"Only tall grass, no flowers. Grass is spread in all directions.","The one at the top presents both flowers and grass, while the ones at the bottom become scarcer in both and present long grass with no flowers.","No, I dont think there was a big diversity difference between the photos.","The middle ones , because the would have different tupes of grass but no flowers.",N/A
Post,24G1,A,Participant 67,67,Female,21,Irish,Psychology,4,Trinity,1,N/A,2,5,N/A,N/A,N/A,3,N/A,7,4,6,2,3,1,5,1,4,2,6,2,6,3,6,2,4,1,5,14,11,4,2,6,15,3,13,10,7,9,16,1,12,8,It had the most colour was the most vibrant and lush. Very bright green long grass with purlple and yellow flowers. ,"Less visually interesting. Patches of dead grass, plants and flowers . Grass shorter less intesne in colour. Less depth to the image.",Quite similar. Both mostle grass with other plants. could almost be the same spt at a different ime of year.,Yes. Preference as a catagory is subjective enough that I felt confident just choosing which images I liked looking at the most. It was hard becuase they all had their own merits and were interesting in their own ways.,I went back and forth between putting 5 or 14 as my 1st preference becuase 14 looked warm and sunny but 5 had the most to look at in it. Looked freshest.,Lovely to look at and imagine how they would feel to touch. What they would smell lik. The mor you look the more there is to see. ,2,4,3,5,13,10,11,6,7,1,15,9,8,12,14,16,"I couls aw thw gewatwat caeiwty od plants. There were purple flowers, yellow flowers, several different shaped leaves, some dead looking brown plants. All the plants had been able to grow tall.",I could only see grass in it with no other kinds of plants wihtin it.,I think they're quite different despote both containing lots of long green grass. One has much more variety and texture wintin it.,"Yes because I could clearly see one had many different types of plant, and the other just seemed to contain different lengths of the same kind of grass.",Rank 5 and rank 6 - I dont think there was much of a distinctin between the pictures that ended up here. Hard not to just be swayed by grass length.,N/A
Post,24G2,A,Participant 68,68,Female,19,Irish,Biological and Biomedical Sciences,2,Trinity,7,2,1,5,N/A,N/A,N/A,4,N/A,6,N/A,3,1,3,2,6,1,3,1,6,1,6,3,5,3,4,1,2,5,11,13,3,16,15,14,4,1,6,10,12,8,7,9,"Long bright grass, looks healthy, and natural,. Multiple colours of flowers appealing to look at. ",Lack of varity. Looks trampled by humans. Looks a bit dead.,Probably similar plants there. I would say human activity differentiated them.,"Yes, one looks nicer that the other hende prefer it.",The middle (ranks 4 and 5) they seem equally  healthy and bright.,N/A,5,3,2,4,13,11,16,6,8,7,1,15,14,10,12,9,"There appears to be yellow, purple, brown and green plants. The picture also seems most desely populated. There is probably more small animals using it. eg. insects.","There seems to be just grass, one or two yellow flowers and another green species. less insects living here perhaps.",Probably simiar just at different stages of growth.,"Cannot see abselly for small plants. No I do not know how many specuies there are, if they are taken at the same time of year, how to differenciate between different green plants.",The ones with less colour differences.,I assiciated multiple coulourds with more diversity.
Post,24G3,A,Participant 69,69,Female,19,Irish,Biological and Biomedical Sciences,2,Trinity,5,7,6,4,N/A,N/A,N/A,N/A,N/A,2,1,3,2,3,4,4,4,1,1,3,1,4,4,5,4,3,1,2,4,11,9,3,5,7,13,10,1,14,6,15,8,16,12,"It looked very green and lush with a good mix of grass and flowers. The grass is long and green , there is a variety of different leaf types. Overall its very exciting.","The ground looks course, the grass is browning in places. Its just a bit dull really.",Of all  the photos there are amond the most dissumular. The grass is a very different colour. The ledgth is completely different and there is much more colours in the preffered one. ,I cant tell if there insect or not which would make  them preferred. I was only rating from preference so i cant really say 1 is better than the other. For example I would prefer some grass because it looks nicer to walk on but I cant actuually test that.,"The hardest was probably picking the first and last, because they only have 1 option when many of the images looked similar. ",N/A,2,4,3,5,10,8,13,15,14,6,1,11,12,9,7,16,By counting the number of different plants i could see it had the most. I count what looked like 7 different species.,I could only really see grass growning.,At a glance the images dont look too different but the preferred is based on biodiversity seems to have much more species.,It is hard to sidtinguish and identify the species because there was likely some I didnt recognicse as leaves/flowers of the same species.,The middle ones 3-5 because those images all have 2-3 different species from what I could tell.,N/A
Post,24G3,A,Participant 70,70,Male,18,Irish,Chemical Sciences,1,Trinity,N/A,3,2,4,N/A,1,5,N/A,N/A,7,N/A,6,2,2,3,3,2,2,4,5,3,4,4,4,3,2,2,5,1,2,4,13,16,3,11,15,7,10,12,14,6,8,9,Image 5 contained the most variety of plants and as such the most variety of colour. The grass looked both long and healthy. The non-green colour concentration in the centre looked more pleasing that a scattered distribution of colour. ,There is a notable lack of colour in image 9. It appears to be mostly grass and short leafy plants. The short grass and blend of colour are not aesthetically pleasing. ,The photo cell initioally seem very similar but do contain enough differences to warrent a notable difference in preference.,"For a personal preference list by aesthetics, yes. By order of ecological importance or diversity, no.",The most different photos around rank 4 and 5 were hardest to order as it was challenging to compare vastly different qualtyies in terms of preference. ,N/A,2,3,5,4,7,13,15,11,8,10,9,12,1,14,6,16,Most different looking plant life. Least arent of only grass visible.,Appeared consistant of mainly grass. Lack of visual distinction between parts.,Focusing on diversiity the extreme ranking seem very different but most centre ranking are hard to distinguish.,For ranks 3- 4 - 5 no. For ranks 1 2 6 7 yes. Its hard to separate similar looking pictures by diversity.,Again rank 4 contains many difficult rankings.,N/A
Post,24G4,A,Participant 71,71,Male,20,Spanish,Chemical Sciences,1,Trinity,6,4,N/A,N/A,1,5,2,3,N/A,7,N/A,N/A,2,1,2,3,2,1,1,4,2,3,2,4,4,4,2,5,11,6,13,8,2,15,7,4,3,10,1,9,16,12,14,"The one that transmits more positive feelings, with more colour, bright etc.",Just opposite features to the top ones. ,Some of them show some common problems. ,I can provide an intuitive opinion but not a logical base. ,The ones aat the middle because seemed similar.,N/A,6,13,11,1,3,14,7,2,5,4,12,9,8,16,10,15,I made the decision by analysing the variety of objects per square unit. Even outside of the quare this one had a huge variety of object colours ever a hole.,It was the most boring oand monotone pic.,When it comes to diversity 5 out of 10.,Firstly I do not think so because the are in general similar to each other. What is true is that some of them seem more diverse than others.,"The The ones to the middle, I dont have practice rganising pictures by their diveristy.",N/A
Post,24G4,A,Participant 72,72,Male,18,Irish,Physical Sciences,1,Trinity,1,N/A,N/A,N/A,2,N/A,3,5,N/A,6,4,7,4,3,1,1,1,2,4,6,2,6,3,5,2,3,1,5,2,4,14,11,13,16,10,1,15,6,3,7,8,12,9,This photo had the nicest looking colours. The plants also look untouches as the grass is quite long which is good for animals and insects which are very important for stable ecosystems.,The grass is very short and is quite brown in many places so it looks unhealthy. There is also very little color so it is not as visually appealing. ,"The photos are quite similar, although there are different plant species and varying degrees of length it is all the same type of grassland. ","Yes after closer inspection i was able to identify factors such as the length of the grass, colours of the plans and the length of the grass.",Ranks 2 and 3 as the image seemed very similar to me.,N/A,5,2,11,14,3,13,4,1,7,6,8,15,10,12,9,16,This one seemed to have the most different types of plans due to the many colours and varying legnths of plants within the image.,This one seems to only have just normal grass so there is only 1 type of plant so I think it is least diverse.,The photos are not that similar as there are many different plant species and different lengths across the photos.,Yes especially as I spent more time with th ephotos it got easier to make sure the decisions as I notived more and more differences.,The higher ranks (1 2 3) as it was hard to decide which factor implied more diversity such as length colour or health of the plants.,I felt that the longer I spent with th ephotos the more detail i noticed and theerefore it got easier to rank them.
Post,24G4,A,Participant 73,73,Female,19,American,Geography and Geosciences,2,Trinity,4,N/A,N/A,2,6,N/A,3,1,N/A,7,N/A,5,5,3,4,4,1,5,1,5,1,6,2,6,6,6,1,5,11,4,13,3,2,16,12,15,1,6,10,9,8,7,14,"There are many different flowers/plants. Everything looks tall, soft, green and healthy. It looks fun and interesting, I like the diversity, I also like the leaves that arent grass which add texture it looks more full of native plants.","It looks unhealthy and barren - one flower type, brown grasses, dead patches. Not very tall. The ground looks sodden or too hard. I care about the health of th eecosystem and its aestetic beauty. ",Greatly contrating 14 looks dead while 5 looks vibrant. ,Yes although the lighting differences may have impacted my decision. The PVC piles helped for scaling the photos. ,Ranking 4 and 5 were hardest I know what I did like but it was harder to find the line between indiference 4 and dislike 5.,I found myself preferencing vibrant tall grasses with many different plants. ,5,2,3,1,4,10,13,8,6,7,11,15,9,12,14,16,The tall grasses did not crowde out the other plants. Various flowers grass weeds etx. In varying stages of growth. Vibrant.,Though ther eis a little flower/purple things it seems to be mostly tall grasses of th esame species which dominate the square.,Very though more similar than the top bottom of my preferences. Less diversit less vibrant and tall.,Yes althouh this time ranks 3 4 5 all felt interchangably similar all had some diversity but not a lot and different ways.,"3 4 5 for they had similar levels of diversity bu tdifferent plants which blended together, hard to see.",It was harder to judge diversity than I expected.
Post,24G4,A,Participant 74,74,Male,21,Irish,Biological and Biomedical Sciences,2,Trinity,N/A,1,2,3,N/A,N/A,N/A,N/A,4,6,5,7,3,5,3,3,1,2,2,6,1,6,2,6,3,5,1,2,4,5,3,13,7,8,11,6,14,10,1,15,16,12,9,It seemed to have the most diversity of species. the plants also appear to be thriving.,The bottoom image had very low diversity and the lack of flowers indicates poor conditions.,I thin that the photos are similar with regard to some species present. The species abundance is very different.,Yes I think that it was easy because the various species were easily identifiable. ,Rank 6 was the ghardest because they were very similar.,I think the pictures are tpical of Irish Grasslands.,2,4,5,3,13,7,8,11,6,14,10,1,15,16,12,9,It seemed to have the most diversity.,It seemed to be the lowers in diversity.,I think that they are similar with regard to recurring species occurence. They are different in species abunance.,Yes I think it was easy becuase the species were easily identifable.,Rank 6 was the hardest because they were very similar.,N/A
Post,24G1,A,Participant 75,75,Male,19,Romanian,Biological and Biomedical Sciences,2,Trinity,7,2,3,6,N/A,N/A,N/A,N/A,1,5,N/A,4,3,4,3,3,1,3,1,6,2,6,2,5,1,4,1,14,11,9,1,12,13,8,4,6,7,10,16,3,15,2,5,There were many flowers and grass was trimmed. Overall once looked well kept and there was plant diversity.,The area looked unkept. Made me feel like I didnt want to go there.,Similarlities between ranks are based on degree of human interference. Ranks 3 4 5 are pretty similar.,Yes the photos were sufficuent to imple the degree of human interferance.,Ranks 3 4 5 they had as many postive as the had negatives couldnt decide whether I wanted to go there or not.,N/A,5,3,9,10,16,4,15,7,2,6,1,12,13,14,11,8,It was the most diversit. It had considrably more purple and yellow flowers than other photos.,It was least diverse. Only had a faint yellow flowers no purple flowwers.,"The photos are quite similar at ranks 3 4 5. The other ranks had a lot more purple and yellow flowers, a lot less.",No I cannot deduce what the rest of the area look like from the photos.,Ranks 3 4 5. The other ranks were more extreme it was easier to see that there were conciderably more or less flowers of any type.,N/A
Post,24G2,B,Participant 76,76,Female,20,Italian,Biological and Biomedical Sciences,2,Trinity,1,3,N/A,2,N/A,N/A,5,4,N/A,7,N/A,6,1,4,1,6,1,2,1,6,1,6,2,6,1,6,1,5,11,14,13,15,6,4,1,12,3,9,16,7,2,10,8,Colourful and looked pretty.,Looked durty and unkept. ,Quite dissimilar.,Between top and bottom ranking others were harder.,Rank 4 and 5.,N/A,5,13,2,11,14,4,1,6,3,7,10,8,16,9,12,15,Different colours presnt in the same image.,Just grass inside the white quare not much diversity.,The bottom icture isnt as colourful as the first.,Yes. Between these 2 I could tell there was enough difference to make a choice.,The middle ones 3 4 5.,A lot just looked the same to me.
Post,24G2,B,Participant 77,77,Female,21,Dutch,Psychology,3,Trinity,4,N/A,N/A,5,3,1,N/A,7,2,N/A,N/A,6,3,3,2,4,1,3,1,4,2,6,3,5,3,5,1,5,4,2,3,13,11,14,15,16,1,10,6,7,8,9,12,"Vibrant colours, little to no empty -ish patches drew my eye.",Looks a bit sad with just grass and some weekd and brown patches. Also looks a bit trampled.,Still pretty similar but its easier to rank by preferenc ethan knowledge of biodiversity. ,See above. Its easier to make up some arbitrary reason for a preference than somethin you feel you need actuial knowledge for. Like othis one caught my eye a bit more. Involves less thinkingh.,4 and 5 those photos were still prettyyy sumular and I didnt necessarily have strong feelings about them.,N/A,2,3,4,5,13,11,14,8,7,1,9,6,10,12,15,16,Very green with long grass and weeds. Multiple type sof flowers. Divers colours in general.,Just grass with empty ish patches.,A lot of the phtos look fairly similar to me as a lot of them have the same plants in them. That I could identify as a sseparate thing).,If there were more of less identifiable plants in the pictures yes but otherwise I didnt feel like I had the knowleged to be correct in my judgement ( e. g photos 10 12 and 9 look pretty similar to me. Which makes ranking difficult).,4 5 6 7 as I found it difficult to propoerly identify differences (see abve with 10 12 9) while the top ranks had more indentifuably different plants to my knowledge.,Only that I feel I should learn how to identify biodiversity bettr.
Post,24G3,B,Participant 78,78,Female,18,Irish,Biological and Biomedical Sciences,1,Trinity,2,4,6,3,N/A,N/A,N/A,5,N/A,1,N/A,7,3,4,1,3,1,3,2,5,1,6,3,4,3,4,1,5,2,4,3,13,11,15,7,16,1,6,10,8,14,12,9,More vegeation present in general. The presence of different flowering plants and thus different colours.,Lack of plants in general. Lack of colours and lots of brown. Lots of bare spaces. Little or no flowers present.,Greatly cdissimilar. Image 5 has for more colours and vegetation in general.,Early enough in identfying general differences but not differences between individual images.,The 6th and 5th catagories as difficult to erceive differences that arent baded on colour flowers typres images quire similar from an aesthetyic perspective. Particularly difficvult to identfy differences between grass types other green plants. ,N/A,5,2,3,4,13,8,1,7,10,11,6,14,15,16,9,12,Chosen due to the presence of what looks to be four different flower types. as well as a variety of grass blade/leaf shapes.,Almost no flowers present in quadrant lack of vegetation in general. Mainly grasses of similar looking type.,Greatyly dissimialr while they show some of the same flowers and grasses photo 5 looks a lot heaslthier with far more vegeataion and 4 different flowering plants.,It was easy enough to identify large general difference (eg. bertween frt two and last 2 rasnks). Flowers it was difficult to perceive difference between images in the same similar ranks. Posibly as I dont know enough to identfy differences between grass types or other green weeds.,The fourth and fifth catageories. More images appeared to have only one type of glower with pastech of different grasses. Difficult to pick out individual differences.,N/A
Post,24G4,B,Participant 79,79,Male,29,Irish,Physical Sciences,1,Trinity,3,N/A,N/A,2,N/A,N/A,7,6,N/A,1,5,4,1,4,2,4,1,3,1,5,1,6,3,5,3,4,1,5,11,2,1,3,4,7,10,16,13,6,8,12,14,9,15,For my personal preference lushness and variety of flower colours influnced my choices the most.,Loess colour and lushness. More areas of less lush ground that seems compacted. Less flowers (time may play a part here).,They are all farly similar to my eye most ohotos are from the same area. Visual differenciation was possible but not clear and obvious. N,Not exactly id like to see the same squares at multiple different point of the year.,Least diverse seemed quite similar.,Lower down harder to distinguish clear differences of preference. ,5,11,2,4,7,3,1,13,8,12,6,10,9,15,14,16,Multiple differnt flower coolours and types. Different shapes and sized of foliage healthy ground no arid spots.,WWeaker looking foliae virtually no flower diversity. Spots of less healthy growth.,"They are fairlty different however, they are small sample areas. They are fairly distinct in term of observed flowers and consistency of lush growth.",Not exactly woudl be more illumunating to examine the reference squeards at different times also.,Lower side less obcvious diferences.,N.A
Post,24G4,B,Participant 80,80,Male,19,Irish,Chemical Sciences,1,Trinity,6,5,N/A,2,7,N/A,N/A,N/A,N/A,3,4,1,6,2,2,1,2,4,1,6,3,5,4,5,3,1,1,2,5,11,3,4,15,1,6,10,13,9,7,16,8,12,14,"I like lush and colourful areas like in th ephoto. It seems like it would be comfortable to sit on . Good for insects, bees and small animals.",Dead grass and dandilions are unappealing. The lighting makes it seem very sickly short grass little colour.,"10= similar, 0 = dosisimuilar. 3",Yes it was clear to see the difference in plant life and how well the plants were growing however th elighting might be enhancing my dislike for picture 14.,Rank 5 and 6 because I didnt like any of them in particular so deciding which was better was hard. ,Its hard to only judghe  the area in the square. I find myself judging outside it unwillingly.,5,3,2,4,7,8,1,10,11,13,14,6,9,15,12,16,I was able to see more plants that were clearly different to each other. There are lots of colours in the square. The green plants werre different shapes so I could see them clearly as well.,I couldnt easily see different plant species. Everything in the square could be the same type of plant.,10 similar. 0 dissimilar 4.,Yes because the clear colours and high quality images made it easy to spot differences.,Rank 3 and 5 because for the most part any of them could be suited for rank 4,N/A
Post,24G4,B,Participant 81,81,Male,20,Irish,Music,2,Trinity,4,3,2,5,1,N/A,N/A,N/A,N/A,7,N/A,6,2,3,1,5,1,5,2,6,1,6,2,5,2,4,1,5,2,13,11,4,3,1,15,7,16,8,10,6,12,9,14,The grashealthy well contains clover and other leaves. There is a good level of biodiversity and many healthy plants.,The grass is dry dicoloured and unhealthy. Low level of biodiversity and patchy coverage.,The photos are very dissimilar in colours and visible diversity. ,I beleive I was able to obseerve enough of a difference . There was a wide carieyu of healthy and unhealthy samples.,Category 6 as some samples were wuite diverse but had loss health.,N/A,5,2,3,4,10,13,7,1,11,6,14,8,9,15,16,12,This image contains multiple type of flowers and other plants. The grass is healthy and clover and other leaves can be seen.,Low variety of plants. Mostly one type of grass which is dry and patchy.,"Very dissimilar, they look to be a similar field but the level of biodiversity and helth is very differnet.",For most photo sit was possinle to rank them in an informed way as they contained widely varying types of plants which were easily seen.,Rank 4 and 5 as many photos contained similar samples.,N/A
